"","."
"1","Semitic_other West Semitic - numerals-hoby1242-1.csv"
"2","Semitic_other West Semitic - numerals-mehr1241-1.csv"
"3","numerals-achu1247-1.csv"
"4","numerals-adyg1241-1.csv"
"5","numerals-afad1236-1.csv"
"6","numerals-agua1253-3.csv"
"7","numerals-ahte1237-1.csv"
"8","numerals-aika1237-1.csv"
"9","numerals-ainu1251-1.csv"
"10","numerals-alab1237-1.csv"
"11","numerals-amar1274-1.csv"
"12","numerals-amat1238-1.csv"
"13","numerals-andi1255-1.csv"
"14","numerals-ando1256-1.csv"
"15","numerals-apal1257-1.csv"
"16","numerals-araw1276-1.csv"
"17","numerals-arik1262-1.csv"
"18","numerals-arik1265-1.csv"
"19","numerals-ashe1272-1_ED.csv"
"20","numerals-assi1247-1.csv"
"21","numerals-atsu1245-1.csv"
"22","numerals-awac1239-1.csv"
"23","numerals-awet1244-1.csv"
"24","numerals-awji1241-1.csv"
"25","numerals-ayor1240-2.csv"
"26","numerals-baca1246-1.csv"
"27","numerals-bang1363-1.csv"
"28","numerals-basq1248-1.csv"
"29","numerals-beav1236-2.csv"
"30","numerals-boru1252-1.csv"
"31","numerals-budu1265-1.csv"
"32","numerals-caqu1242-1.csv"
"33","numerals-cara1245-1.csv"
"34","numerals-cash1254-2.csv"
"35","numerals-cavi1250-1.csv"
"36","numerals-cent2127-1.csv"
"37","numerals-cent2140-1.csv"
"38","numerals-cent2145-1.csv"
"39","numerals-cham1315-1.csv"
"40","numerals-chan1325-1.csv"
"41","numerals-chay1248-1.csv"
"42","numerals-chec1245-1.csv"
"43","numerals-chen1266-1.csv"
"44","numerals-chic1270-1.csv"
"45","numerals-chim1309-1.csv"
"46","numerals-chiq1248-1.csv"
"47","numerals-chit1248-1.csv"
"48","numerals-chol1282-1.csv"
"49","numerals-chor1273-1.csv"
"50","numerals-chuj1250-1.csv"
"51","numerals-coca1259-2.csv"
"52","numerals-cofa1242-1.csv"
"53","numerals-cogu1240-1.csv"
"54","numerals-colo1256-1.csv"
"55","numerals-coma1246-1.csv"
"56","numerals-copa1236-1.csv"
"57","numerals-culi1244-2.csv"
"58","numerals-daha1245-1.csv"
"59","numerals-dang1274-1.csv"
"60","numerals-deni1241-2.csv"
"61","numerals-diti1235-1.csv"
"62","numerals-dong1285-1.csv"
"63","numerals-east1472-1.csv"
"64","numerals-elna1235-1.csv"
"65","numerals-embe1260-1.csv"
"66","numerals-enap1235-1.csv"
"67","numerals-esee1248-1.csv"
"68","numerals-fuln1247-1.csv"
"69","numerals-ghom1257-1.csv"
"70","numerals-guaj1256-1.csv"
"71","numerals-guil1236-1.csv"
"72","numerals-gwan1268-1.csv"
"73","numerals-gwic1235-1.csv"
"74","numerals-hais1244-1.csv"
"75","numerals-haus1257-1.csv"
"76","numerals-hava1249-1.csv"
"77","numerals-heil1246-1.csv"
"78","numerals-hida1246-1.csv"
"79","numerals-huil1244-1.csv"
"80","numerals-hupd1244-1.csv"
"81","numerals-igna1246-1.csv"
"82","numerals-iran1263-1.csv"
"83","numerals-ixte1237-1.csv"
"84","numerals-jama1261-1.csv"
"85","numerals-jeju1234-1.csv"
"86","numerals-jeme1245-1.csv"
"87","numerals-jion1236-1.csv"
"88","numerals-juru1256-1.csv"
"89","numerals-kaby1243-1.csv"
"90","numerals-kadi1248-1.csv"
"91","numerals-kain1272-1.csv"
"92","numerals-kaiw1246-1.csv"
"93","numerals-kama1373-1.csv"
"94","numerals-kaqc1270-1.csv"
"95","numerals-kari1311-1.csv"
"96","numerals-kash1280-2.csv"
"97","numerals-kaya1330-1.csv"
"98","numerals-khor1269-1_edit.csv"
"99","numerals-khva1239-1.csv"
"100","numerals-kich1262-1.csv"
"101","numerals-kist1241-1.csv"
"102","numerals-kofy1242-1.csv"
"103","numerals-kore1280-1.csv"
"104","numerals-kore1283-1.csv"
"105","numerals-koru1247-1.csv"
"106","numerals-kory1246-1.csv"
"107","numerals-kuik1246-1.csv"
"108","numerals-kuli1255-1.csv"
"109","numerals-kwaa1269-1.csv"
"110","numerals-kwak1269-1.csv"
"111","numerals-lach1249-1.csv"
"112","numerals-lagw1237-1.csv"
"113","numerals-leal1235-1.csv"
"114","numerals-leng1262-1.csv"
"115","numerals-lezg1247-1.csv"
"116","numerals-lowl1265-1.csv"
"117","numerals-loxi1235-1.csv"
"118","numerals-mach1267-1.csv"
"119","numerals-macu1259-1.csv"
"120","numerals-maka1318-1.csv"
"121","numerals-male1297-1.csv"
"122","numerals-mama1278-1.csv"
"123","numerals-mans1258-1.csv"
"124","numerals-mapu1245-1.csv"
"125","numerals-maqu1238-1.csv"
"126","numerals-mbar1260-1_EDIT.csv"
"127","numerals-miam1252-1.csv"
"128","numerals-mika1239-1.csv"
"129","numerals-mpad1242-1.csv"
"130","numerals-nade1244-1.csv"
"131","numerals-nafu1238-1.csv"
"132","numerals-nant1250-1.csv"
"133","numerals-nina1238-1.csv"
"134","numerals-niva1238-1.csv"
"135","numerals-nort2646-1.csv"
"136","numerals-nort2938-1.csv"
"137","numerals-nort2945-1.csv"
"138","numerals-nort2954-1.csv"
"139","numerals-nort2968-1.csv"
"140","numerals-ocai1244-1.csv"
"141","numerals-onaa1245-1.csv"
"142","numerals-onei1249-1.csv"
"143","numerals-paip1241-1.csv"
"144","numerals-pana1307-1.csv"
"145","numerals-pana1310-1.csv"
"146","numerals-paus1244-1.csv"
"147","numerals-pawn1254-1.csv"
"148","numerals-pent1242-1.csv"
"149","numerals-pich1237-1.csv"
"150","numerals-pima1248-1.csv"
"151","numerals-pipi1250-1.csv"
"152","numerals-prov1235-1.csv"
"153","numerals-pume1238-1_ED.csv"
"154","numerals-puta1243-1.csv"
"155","numerals-qanj1241-1.csv"
"156","numerals-qash1240-1.csv"
"157","numerals-qawa1238-1.csv"
"158","numerals-quap1242-1.csv"
"159","numerals-rayo1235-1.csv"
"160","numerals-rikb1245-1.csv"
"161","numerals-ronn1241-1.csv"
"162","numerals-saca1238-1.csv"
"163","numerals-saho1246-1.csv"
"164","numerals-sana1298-1.csv"
"165","numerals-sanf1262-1.csv"
"166","numerals-sanm1301-1.csv"
"167","numerals-sanp1261-1.csv"
"168","numerals-sant1451-1.csv"
"169","numerals-sars1236-1.csv"
"170","numerals-sawk1238-1.csv"
"171","numerals-seco1241-1.csv"
"172","numerals-senh1238-1.csv"
"173","numerals-shan1283-1.csv"
"174","numerals-sipa1247-2.csv"
"175","numerals-siwi1239-1.csv"
"176","numerals-soch1239-1.csv"
"177","numerals-sooo1256-2.csv"
"178","numerals-sout2976-1.csv"
"179","numerals-sout2982-1.csv"
"180","numerals-sout2985-1.csv"
"181","numerals-sout2994-1_ED.csv"
"182","numerals-squa1248-1.csv"
"183","numerals-tahl1239-1.csv"
"184","numerals-tapi1253-1.csv"
"185","numerals-tapi1254-1.csv"
"186","numerals-tari1263-1.csv"
"187","numerals-tatu1247-2.csv"
"188","numerals-taus1253-1.csv"
"189","numerals-temb1276-2.csv"
"190","numerals-ticu1245-1.csv"
"191","numerals-toca1235-1.csv"
"192","numerals-toho1245-1.csv"
"193","numerals-toto1305-1.csv"
"194","numerals-turk1303-1.csv"
"195","numerals-tuyu1244-1.csv"
"196","numerals-twan1247-1.csv"
"197","numerals-tzel1254-1.csv"
"198","numerals-tzot1259-1.csv"
"199","numerals-udii1243-1.csv"
"200","numerals-unam1242-1.csv"
"201","numerals-uppe1275-1.csv"
"202","numerals-uppe1437-1.csv"
"203","numerals-uppe1438-1.csv"
"204","numerals-uppe1439-1.csv"
"205","numerals-vile1241-1.csv"
"206","numerals-wakh1245-1.csv"
"207","numerals-wara1303-2.csv"
"208","numerals-waxi1236-1.csv"
"209","numerals-waya1269-1.csv"
"210","numerals-west2402-1.csv"
"211","numerals-west2616-1.csv"
"212","numerals-wint1259-1.csv"
"213","numerals-wuzl1236-1.csv"
"214","numerals-xokl1240-1.csv"
"215","numerals-yaba1248-1.csv"
"216","numerals-yano1261-1.csv"
"217","numerals-yazg1240-1.csv"
"218","numerals-yuch1247-1.csv"
"219","numerals-yugh1239-1.csv"
"220","numerals-yukp1241-2.csv"
"221","numerals-yura1255-1.csv"
"222","numerals-yuro1248-1.csv"
"223","numerals-zoog1238-1.csv"
"224","zariquiey-chac1251-1.csv"
"225","zariquiey-kaka1249-1.csv"
"226","zariquiey-peru1238-1.csv"
"227","./sand-Badaga.csv"
"228","./sand-Bodo.csv"
"229","./sand-Camling.csv"
"230","./sand-Dogri.csv"
"231","./sand-Gondi.csv"
"232","./sand-Gujarati.csv"
"233","./sand-Jerung.csv"
"234","./sand-Khaling.csv"
"235","./sand-Khortha.csv"
"236","./sand-Konyak.csv"
"237","./sand-Koyee.csv"
"238","./sand-Kurukh.csv"
"239","./sand-Marwari.csv"
"240","./sand-Mundari.csv"
"241","./sand-Phom.csv"
"242","./sand-Sanskrit.csv"
"243","./sand-Sunwar.csv"
"244","./sand-Tsangla.csv"
"245","./sand-Yakkha.csv"
"246","./sand-Zeme.csv"
"247","numerals-bhum1234-1.csv"
"248","numerals-hung1275-1.csv"
"249","numerals-jahh1242-1.csv"
"250","numerals-koda1254-1.csv"
"251","numerals-lyng1241-1.csv"
"252","numerals-maha1291-1.csv"
"253","numerals-pare1266-1.csv"
"254","numerals-chep1245-1edited.csv"
"255","numerals-deor1238-1.csv"
"256","numerals-kaik1246-1.csv"
"257","numerals-mana1288-1.csv"
"258","numerals-mila1245-2.csv"
"259","numerals-sadu1234-1.csv"
"260","AN0003_numerals-kava1241-1.csv"
"261","AN0012_EDIT_abvd-637-papo1239_EDIT.csv"
"262","AN0027_numerals-pamp1244-1.csv"
"263","AN0074_numerals-arta1239-1.csv"
"264","AN0229_barlowpacific-toma1248-1.csv"
"265","AN0300_numerals-mapu1244-1.csv"
"266","AN0323_barlowpacific-bush1250-1.csv"
"267","AN0403_barlowpacific-puna1278-1.csv"
"268","AN0513_barlowpacific-bata1293-1.csv"
"269","AN0518_numerals-ment1249-1.csv"
"270","AN0524_numerals-engg1245-1.csv"
"271","AN0536_numerals-nucl1460-1.csv"
"272","PAP008_numerals-rett1240-1.csv"
"273","PAP040_barlowpacific-duri1243-1.csv"
"274","PAP041_numerals-suab1238-1.csv"
"275","PAP052_barlowpacific-pura1253-1.csv"
"276","PAP060_barlowpacific-morb1239-4.csv"
"277","PAP065_barlowpacific-tana1288-1.csv"
"278","PAP070_barlowpacific-nort2917-1.csv"
"279","PAP078_barlowpacific-asue1235-1.csv"
"280","PAP080_numerals-cent2118-1.csv"
"281","PAP086_numerals-wang1299-1.csv"
"282","PAP087_barlowpacific-mand1445-3.csv"
"283","PAP088_numerals-wamb1259-1.csv"
"284","PAP089_barlowpacific-koke1241-1.csv"
"285","PAP090_barlowpacific-ketu1238-1.csv"
"286","PAP091_barlowpacific-mand1444-2.csv"
"287","PAP092_numerals-koro1312-1.csv"
"288","PAP093_numerals-tsak1250-1.csv"
"289","PAP094_numerals-komy1238-1.csv"
"290","PAP095_barlowpacific-kopk1238-1.csv"
"291","PAP096_barlowpacific-kwer1265-1.csv"
"292","PAP097_barlowpacific-buru1307-1.csv"
"293","PAP098_numerals-tang1353-1.csv"
"294","PAP099_numerals-naka1265-2.csv"
"295","PAP100_barlowpacific-sout2940-2.csv"
"296","PAP101_barlowpacific-nort2916-1.csv"
"297","PAP102_numerals-ning1274-1.csv"
"298","PAP103_numerals-yong1280-1.csv"
"299","PAP104_numerals-iwur1240-1.csv"
"300","PAP105_barlowpacific-ngal1298-1.csv"
"301","PAP107_numerals-tifa1245-1.csv"
"302","PAP108_numerals-mian1256-1.csv"
"303","PAP110_numerals-faiw1243-1.csv"
"304","PAP111_barlowpacific-tele1256-2.csv"
"305","PAP112_barlowpacific-seta1246-1.csv"
"306","PAP114_numerals-oksa1245-2.csv"
"307","PAP115_barlowpacific-ekar1243-5.csv"
"308","PAP117_EDIT_numerals-daoo1238-1_EDIT.csv"
"309","PAP120_numerals-wano1243-1.csv"
"310","PAP121_EDIT_numerals-west2594-1_EDIT.csv"
"311","PAP124_barlowpacific-midg1235-1.csv"
"312","PAP125_barlowpacific-lowe1415-1.csv"
"313","PAP130_numerals-nini1235-1.csv"
"314","PAP131_barlowpacific-angg1239-1.csv"
"315","PAP133_numerals-kosa1249-1.csv"
"316","PAP134_numerals-koru1245-1.csv"
"317","PAP136_numerals-nips1240-1.csv"
"318","PAP137_EDIT_numerals-nalc1240-1_EDIT.csv"
"319","PAP138_numerals-eipo1242-1.csv"
"320","PAP139_numerals-unaa1239-1.csv"
"321","PAP140_numerals-kete1254-1.csv"
"322","PAP143_barlowpacific-anga1294-1.csv"
"323","PAP144_barlowpacific-anga1293-1.csv"
"324","PAP145_numerals-west2599-1.csv"
"325","PAP146_barlowpacific-erav1244-1.csv"
"326","PAP148_barlowpacific-samb1321-2.csv"
"327","PAP149_barlowpacific-nete1240-1.csv"
"328","PAP150_numerals-ipil1240-1.csv"
"329","PAP151_barlowpacific-biso1243-1.csv"
"330","PAP153_barlowpacific-lemb1266-2.csv"
"331","PAP158_barlowpacific-melp1238-1.csv"
"332","PAP160_barlowpacific-nucl1620-1.csv"
"333","PAP166_numerals-domm1246-1.csv"
"334","PAP172_barlowpacific-kobo1249-2.csv"
"335","PAP173_barlowpacific-kala1397-1.csv"
"336","PAP174_numerals-taii1241-1.csv"
"337","PAP177_barlowpacific-musa1266-2.csv"
"338","PAP178_barlowpacific-fait1240-2.csv"
"339","PAP182_numerals-apal1256-1.csv"
"340","PAP196_numerals-pamo1253-1.csv"
"341","PAP199_barlowpacific-musa1265-1.csv"
"342","PAP218_numerals-kein1239-1.csv"
"343","PAP229_barlowpacific-muru1273-1.csv"
"344","PAP241_numerals-bauu1244-1.csv"
"345","PAP247_numerals-barg1252-1.csv"
"346","PAP254_barlowpacific-urig1240-1.csv"
"347","PAP269_numerals-samm1244-1.csv"
"348","PAP280_barlowpacific-gend1249-1.csv"
"349","PAP285_numerals-yaga1260-1.csv"
"350","PAP292_numerals-dano1240-1.csv"
"351","PAP303_numerals-nort2920-2.csv"
"352","PAP309_numerals-iyoo1238-1.csv"
"353","PAP313_numerals-ngai1241-1.csv"
"354","PAP320_barlowpacific-bonk1244-1.csv"
"355","PAP336_barlowpacific-urii1240-2.csv"
"356","PAP341_barlowpacific-naka1264-2.csv"
"357","PAP351_numerals-buru1306-1.csv"
"358","PAP353_numerals-kube1244-1.csv"
"359","PAP359_barlowpacific-kina1251-1.csv"
"360","PAP360_barlowpacific-nomu1240-1.csv"
"361","PAP364_numerals-miga1241-1.csv"
"362","PAP368_barlowpacific-kova1243-1.csv"
"363","PAP370_numerals-yeko1240-1.csv"
"364","PAP375_barlowpacific-aeka1244-1.csv"
"365","PAP376_numerals-orok1269-1.csv"
"366","PAP387_barlowpacific-tung1293-2.csv"
"367","PAP389_numerals-wori1246-1.csv"
"368","PAP390_numerals-demi1242-1.csv"
"369","PAP391_numerals-tefa1238-1.csv"
"370","PAP393_numerals-kofe1239-1.csv"
"371","PAP397_numerals-awer1241-1.csv"
"372","PAP398_numerals-rasa1243-1.csv"
"373","PAP399_numerals-sapo1254-1.csv"
"374","PAP403_numerals-edop1238-2.csv"
"375","PAP404_numerals-biri1259-1.csv"
"376","PAP405_numerals-iauu1242-1.csv"
"377","PAP406_numerals-obok1239-1.csv"
"378","PAP407_numerals-duvl1242-1.csv"
"379","PAP408_numerals-erit1239-1.csv"
"380","PAP410_numerals-kaiy1239-1.csv"
"381","PAP412_numerals-sika1263-1.csv"
"382","PAP418_numerals-nucl1454-1.csv"
"383","PAP420_numerals-dama1272-1.csv"
"384","PAP421_barlowpacific-demm1245-2.csv"
"385","PAP423_barlowpacific-trim1239-1.csv"
"386","PAP425_barlowpacific-airo1242-1.csv"
"387","PAP428_numerals-nucl1595-1.csv"
"388","PAP430_barlowpacific-ndom1245-1.csv"
"389","PAP431_barlowpacific-kima1246-1.csv"
"390","PAP435_barlowpacific-burm1264-1.csv"
"391","PAP444_barlowpacific-maka1315-2.csv"
"392","PAP447_barlowpacific-muba1238-1.csv"
"393","PAP453_barlowpacific-ipik1244-1.csv"
"394","PAP457_numerals-mand1443-1.csv"
"395","PAP460_barlowpacific-kede1239-1.csv"
"396","PAP469_barlowpacific-orya1242-2.csv"
"397","PAP470_barlowpacific-abin1243-1.csv"
"398","PAP472_barlowpacific-makl1246-2.csv"
"399","PAP474_numerals-momu1241-2.csv"
"400","PAP476_EDIT_numerals-bayo1260-1_EDIT.csv"
"401","PAP477_barlowpacific-awbo1238-1.csv"
"402","PAP480_EDIT_barlowpacific-kapo1250-1_EDIT.csv"
"403","PAP481_numerals-kaur1271-1.csv"
"404","PAP486_barlowpacific-nafr1241-1.csv"
"405","PAP495_barlowpacific-murk1238-1.csv"
"406","PAP500_barlowpacific-awyi1241-5.csv"
"407","PAP501_barlowpacific-taik1255-1.csv"
"408","PAP508_barlowpacific-imon1245-1.csv"
"409","PAP510_numerals-kilm1241-1.csv"
"410","PAP512_barlowpacific-pagi1244-1.csv"
"411","PAP514_barlowpacific-ning1275-1.csv"
"412","PAP517_EDIT_barlowpacific-badi1247-1.csv"
"413","PAP528_EDIT_barlowpacific-nama1267-1_EDIT.csv"
"414","PAP534_numerals-nenn1238-1.csv"
"415","PAP535_EDIT_barlowpacific-lenn1234-1_EDIT.csv"
"416","PAP540_barlowpacific-kark1258-1.csv"
"417","PAP550_barlowpacific-boun1246-1.csv"
"418","PAP553_barlowpacific-dera1245-2.csv"
"419","PAP554_barlowpacific-ango1254-3.csv"
"420","PAP555_barlowpacific-pyuu1245-1.csv"
"421","PAP556_numerals-naii1241-1.csv"
"422","PAP559_barlowpacific-akkk1240-1.csv"
"423","PAP561_EDIT_barlowpacific-iwam1256-1_EDIT.csv"
"424","PAP563_barlowpacific-awtu1239-1.csv"
"425","PAP566_barlowpacific-kara1495-1.csv"
"426","PAP568_barlowpacific-kalo1262-1.csv"
"427","PAP579_numerals-hewa1241-1.csv"
"428","PAP580_numerals-yess1239-1.csv"
"429","PAP585_barlowpacific-piam1243-2.csv"
"430","PAP593_numerals-alam1246-1.csv"
"431","PAP594_numerals-odia1239-1.csv"
"432","PAP597_barlowpacific-baib1251-2.csv"
"433","PAP602_numerals-nakw1240-1.csv"
"434","PAP603_barlowpacific-amap1240-1.csv"
"435","PAP604_numerals-owin1240-1.csv"
"436","PAP605_barlowpacific-aeky1238-1.csv"
"437","PAP610_barlowpacific-seta1245-1.csv"
"438","PAP612_barlowpacific-seti1248-1.csv"
"439","PAP627_barlowpacific-ning1273-1.csv"
"440","PAP630_barlowpacific-beli1258-2.csv"
"441","PAP635_numerals-yapu1240-1.csv"
"442","PAP637_barlowpacific-heyo1240-2.csv"
"443","PAP648_numerals-urim1252-1.csv"
"444","PAP657_numerals-buki1249-1.csv"
"445","PAP671_numerals-kona1242-3.csv"
"446","PAP672_barlowpacific-kubo1242-1.csv"
"447","PAP673_numerals-samo1303-2.csv"
"448","PAP674_barlowpacific-goba1246-1.csv"
"449","PAP675_numerals-femb1238-1.csv"
"450","PAP676_numerals-odoo1238-1.csv"
"451","PAP677_numerals-tuwa1242-1.csv"
"452","PAP679_barlowpacific-nucl1453-1.csv"
"453","PAP680_barlowpacific-peii1238-1.csv"
"454","PAP681_barlowpacific-boga1247-1.csv"
"455","PAP686_numerals-mana1298-1.csv"
"456","PAP689_numerals-ambu1247-1.csv"
"457","PAP691_numerals-keak1239-1.csv"
"458","PAP696_EDIT_numerals-beam1240-1_EDIT.csv"
"459","PAP698_barlowpacific-edol1239-3.csv"
"460","PAP699_numerals-aime1238-1.csv"
"461","PAP700_numerals-onob1238-1.csv"
"462","PAP701_numerals-kalu1248-1.csv"
"463","PAP702_numerals-kasu1251-1.csv"
"464","PAP704_numerals-ende1235-1.csv"
"465","PAP708_barlowpacific-gizr1240-2.csv"
"466","PAP714_numerals-yima1243-1.csv"
"467","PAP715_barlowpacific-tabr1243-1.csv"
"468","PAP719_barlowpacific-kara1497-1.csv"
"469","PAP726_barlowpacific-fasu1242-4.csv"
"470","PAP729_EDIT_barlowpacific-anda1283-1_EDIT.csv"
"471","PAP731_barlowpacific-meak1234-1.csv"
"472","PAP732_barlowpacific-nanu1240-2.csv"
"473","PAP733_barlowpacific-foii1241-1.csv"
"474","PAP754_barlowpacific-abuu1241-2.csv"
"475","PAP761_barlowpacific-kire1240-5.csv"
"476","PAP777_numerals-folo1238-2.csv"
"477","PAP778_numerals-dadi1250-1.csv"
"478","PAP782_barlowpacific-pura1257-5.csv"
"479","PAP784_barlowpacific-orok1267-1.csv"
"480","PAP785_barlowpacific-keor1235-1.csv"
"481","PAP792_numerals-tain1253-1.csv"
"482","PAP794_EDIT_numerals-yagw1240-1_EDIT.csv"
"483","PAP795_numerals-meny1245-1.csv"
"484","PAP801_numerals-anga1290-1.csv"
"485","PAP811_numerals-nucl1630-1.csv"
"486","PAP814_numerals-esee1247-1.csv"
"487","PAP822_barlowpacific-nawa1258-1.csv"
"488","PAP823_barlowpacific-moik1239-1.csv"
"489","PAP829_barlowpacific-bina1274-1.csv"
"490","PAP832_barlowpacific-ooku1235-1.csv"
"491","PAP834_numerals-mail1248-1.csv"
"492","PAP837_numerals-daga1275-1.csv"
"493","PAP844_EDIT_numerals-kana1288-1_EDIT.csv"
"494","PAP845_numerals-pele1245-1.csv"
"495","PAP854_numerals-sulk1246-1.csv"
"496","PAP856_barlowpacific-buta1242-1.csv"
"497","PAP857_numerals-yele1255-1.csv"
"498","PAP869_numerals-siwa1245-1.csv"
"499","PAP870_numerals-uisa1238-1.csv"
"500","PAP874_EDIT_numerals-lavu1241-1_EDIT.csv"
"501","XX39_barlowpacific-samo1307-1.csv"
"502","AN0552_numerals-sabu1255-1.csv"
"503","AN0560_numerals-ende1246-1.csv"
"504","AN0561_numerals-lioo1240-1.csv"
"505","AN0663_barlowpacific-manu1258-1.csv"
"506","AN0670_numerals-ford1242-1.csv"
"507","AN0701_numerals-mano1275-1.csv"
"508","AN0728_numerals-roon1237-2.csv"
"509","AN0729_numerals-dusn1237-1.csv"
"510","AN0734_EDIT_numerals-amba1265-1_EDIT.csv"
"511","AN0735_numerals-ansu1237-1.csv"
"512","AN0737_numerals-wand1267-2.csv"
"513","AN0738_numerals-woii1237-1.csv"
"514","AN0777_numerals-seim1238-1.csv"
"515","AN0778_numerals-wuvu1239-1.csv"
"516","AN0817_numerals-tarp1240-1.csv"
"517","AN0818_EDIT_numerals-ormu1248-1_EDIT.csv"
"518","AN0834_numerals-kiss1246-1.csv"
"519","AN0851_numerals-sioo1240-1.csv"
"520","AN0856_numerals-mouk1239-1.csv"
"521","AN0861_numerals-apal1255-1.csv"
"522","AN0874_EDIT_numerals-tami1290-1_EDIT.csv"
"523","AN0879_numerals-kove1237-2.csv"
"524","AN0880_numerals-lusi1240-1.csv"
"525","AN0881_numerals-arib1241-1.csv"
"526","AN0886_numerals-labu1248-1.csv"
"527","AN0893_numerals-midd1327-1.csv"
"528","AN0894_numerals-nort2857-1.csv"
"529","AN0905_numerals-pate1247-1.csv"
"530","AN0917_numerals-gapa1238-1.csv"
"531","AN0919_numerals-kani1281-1.csv"
"532","AN0937_numerals-maia1251-1.csv"
"533","AN0951_numerals-sali1295-1.csv"
"534","AN0962_numerals-waim1251-1.csv"
"535","AN0978_numerals-bulu1253-1.csv"
"536","AN0981_numerals-naka1262-1.csv"
"537","AN0982_barlowpacific-tomo1244-1.csv"
"538","AN0992_numerals-lava1239-1.csv"
"539","AN0993_numerals-baro1253-1.csv"
"540","AN0994_numerals-mada1285-1.csv"
"541","AN1125_numerals-arak1252-1.csv"
"542","AN1130_numerals-malu1245-1.csv"
"543","AN1133_numerals-nese1235-1.csv"
"544","AN1136_numerals-vinm1237-2.csv"
"545","AN1137_numerals-ling1265-1.csv"
"546","AN1141_numerals-katb1237-1.csv"
"547","AN1146_numerals-malf1237-1.csv"
"548","AN1150_EDIT_abvd-1229-nati1244_EDIT.csv"
"549","AN1151_numerals-labo1244-2.csv"
"550","AN1156_numerals-burm1263-2.csv"
"551","AN1158_numerals-mask1242-1.csv"
"552","AN1160_EDIT_abvd-1293-nisv1234_EDIT.csv"
"553","AN1167_numerals-saaa1241-1.csv"
"554","AN1169_numerals-sout2859-1.csv"
"555","AN1174_numerals-daka1243-1.csv"
"556","AN1198_numerals-neng1238-1.csv"
"557","AN1224_numerals-neku1237-1.csv"
"558","AN1225_numerals-xara1244-1.csv"
"559","AN1227_EDIT_numerals-dumb1241-1_EDIT.csv"
"560","AN1228_numerals-nume1242-1.csv"
"561","AN1244_numerals-puka1242-1.csv"
"562","AN1246_numerals-west2516-1.csv"
"563","AN1256_numerals-sika1261-1.csv"
"564","AN1260_numerals-nuku1259-1.csv"
"565","AN1271_numerals-nort2845-1.csv"
"566","AN1272_numerals-sout2866-1.csv"
"567","bowernnumerals-Adny_edit.csv"
"568","bowernnumerals-Dhang.csv"
"569","bowernnumerals-Dhuwa_edit.csv"
"570","bowernnumerals-Dhuwala_edit.csv"
"571","bowernnumerals-Djina_edit.csv"
"572","bowernnumerals-Guri_edit.csv"
"573","bowernnumerals-Kaurn2_edit.csv"
"574","bowernnumerals-Kutk_edit.csv"
"575","bowernnumerals-Ngari.csv"
"576","bowernnumerals-Nyig_edit.csv"
"577","bowernnumerals-Ritarungu.csv"
"578","bowernnumerals-Ungg_edit.csv"
"579","bowernnumerals-Walmj_edit.csv"
"580","bowernnumerals-Wanggan_edit.csv"
"581","bowernnumerals-Warlp_edit.csv"
"582","bowernnumerals-Warrw_edit.csv"
"583","bowernnumerals-Wiradhurri_edit.csv"
"584","bowernnumerals-Wirang_edit.csv"
"585","bowernnumerals-Worr_edit.csv"
"586","bowernnumerals-Yannhan_edit.csv"
"587","bowernnumerals-Yawarr_edit.csv"
"588","numerals-alya1239-1.csv"
"589","numerals-anma1239-1.csv"
"590","numerals-djam1255-1_edit.csv"
"591","numerals-djau1244-1.csv"
"592","numerals-east2379-1.csv"
"593","numerals-gara1269-1.csv"
"594","numerals-maun1240-1.csv"
"595","numerals-ngaa1240-1.csv"
"596","numerals-ngad1258-1.csv"
"597","numerals-ngal1292-1_edit.csv"
"598","numerals-ngar1287-1.csv"
"599","numerals-thay1249-1.csv"
"600","numerals-tiwi1244-1_edit.csv"
"601","numerals-umpi1239-1_edit.csv"
"602","numerals-wage1238-1.csv"
"603","numerals-yiry1245-1.csv"
"604","numerals-daat1234-1.csv"
"605","numerals-dagi1241-1.csv"
"606","numerals-dars1235-2.csv"
"607","numerals-gumu1244-2_update-glottocode_sout3236.csv"
"608","numerals-hozo1236-1.csv"
"609","numerals-kaci1244-1.csv"
"610","numerals-kala1381-1.csv"
"611","numerals-katc1249-1.csv"
"612","numerals-keig1242-1.csv"
"613","numerals-kwad1244-1.csv"
"614","numerals-kwam1249-1.csv"
"615","numerals-laro1243-1.csv"
"616","numerals-logo1261-1.csv"
"617","numerals-lumu1239-1.csv"
"618","numerals-murl1244-1.csv"
"619","numerals-shat1244-1.csv"
"620","numerals-tada1238-1.csv"
"621","numerals-tsoa1238-1.csv"
"622","numerals-warn1244-1.csv"
"623","numerals-zagh1240-1.csv"
"624","Africa006-isolate-Shabo-numerals-shab1252-1.csv"
"625","Africa007-AtlanticCongo-numerals-ekaj1238-1.csv"
"626","Africa008-AtlanticCongo-numerals-nkem1242-1.csv"
"627","Africa010-AtlanticCongo-numerals-ejag1239-1.csv"
"628","Africa013-AtlanticCongo-numerals-baka1273-1.csv"
"629","Africa017-AtlanticCongo-numerals-beng1282-1.csv"
"630","Africa029-AtlanticCongo-numerals-kako1242-1.csv"
"631","Africa032-AtlanticCongo-numerals-seki1238-1.csv"
"632","Africa042-AtlanticCongo-numerals-ndas1238-1.csv"
"633","Africa043-AtlanticCongo-numerals-wumb1242-2.csv"
"634","Africa053-AtlanticCongo-numerals-bulu1251-1.csv"
"635","Africa055-AtlanticCongo-numerals-eton1253-1.csv"
"636","Africa057-AtlanticCongo-numerals-pinj1243-1.csv"
"637","Africa059-AtlanticCongo-numerals-nuba1241-1.csv"
"638","Africa063-AtlanticCongo-numerals-elip1238-1.csv"
"639","Africa064-AtlanticCongo-numerals-nugu1242-1.csv"
"640","Africa066-AtlanticCongo-numerals-tuki1240-1.csv"
"641","Africa073-AtlanticCongo-numerals-kany1247-1.csv"
"642","Africa074-AtlanticCongo-numerals-sang1331-1.csv"
"643","Africa078-AtlanticCongo-numerals-nkoy1244-1.csv"
"644","Africa090-AtlanticCongo-numerals-diri1252-1.csv"
"645","Africa091-AtlanticCongo-numerals-kwan1273-1.csv"
"646","Africa097-AtlanticCongo-numerals-kuan1247-1.csv"
"647","Africa105-AtlanticCongo-numerals-komo1260-1.csv"
"648","Africa107-AtlanticCongo-numerals-pagi1243-2.csv"
"649","Africa119-AtlanticCongo-numerals-yaka1272-1.csv"
"650","Africa123-AtlanticCongo-numerals-leng1258-1.csv"
"651","Africa143-AtlanticCongo-numerals-hung1278-1.csv"
"652","Africa149-AtlanticCongo-numerals-tien1242-1.csv"
"653","Africa159-AtlanticCongo-numerals-omba1241-1.csv"
"654","Africa160-AtlanticCongo-numerals-teke1275-2.csv"
"655","Africa172-AtlanticCongo-numerals-ngaz1238-1.csv"
"656","Africa184-AtlanticCongo-numerals-kagu1239-1.csv"
"657","Africa196-AtlanticCongo-numerals-embu1241-1.csv"
"658","Africa197-AtlanticCongo-numerals-kiku1240-1.csv"
"659","Africa201-AtlanticCongo-numerals-vunj1238-1.csv"
"660","Africa205-AtlanticCongo-numerals-bend1258-2.csv"
"661","Africa209-AtlanticCongo-numerals-saam1283-1.csv"
"662","Africa214-AtlanticCongo-numerals-nyan1307-1.csv"
"663","Africa220-AtlanticCongo-numerals-nyam1277-1.csv"
"664","Africa222-AtlanticCongo-numerals-kere1283-1.csv"
"665","Africa223-AtlanticCongo-numerals-gand1255-1.csv"
"666","Africa224-AtlanticCongo-numerals-soga1242-1.csv"
"667","Africa227-AtlanticCongo-numerals-gusi1247-1.csv"
"668","Africa234-AtlanticCongo-numerals-ikom1245-1.csv"
"669","Africa240-AtlanticCongo-numerals-shii1238-1.csv"
"670","Africa242-AtlanticCongo-numerals-haaa1252-1.csv"
"671","Africa243-AtlanticCongo-numerals-rund1242-1.csv"
"672","Africa246-AtlanticCongo-numerals-nyam1276-1.csv"
"673","Africa247-AtlanticCongo-numerals-suku1261-1.csv"
"674","Africa249-AtlanticCongo-numerals-bemb1257-1.csv"
"675","Africa250-AtlanticCongo-numerals-lala1264-1.csv"
"676","Africa254-AtlanticCongo-numerals-fipa1238-1.csv"
"677","Africa260-AtlanticCongo-numerals-nyat1246-1.csv"
"678","Africa261-AtlanticCongo-numerals-nila1242-1.csv"
"679","Africa263-AtlanticCongo-numerals-mako1251-1.csv"
"680","Africa266-AtlanticCongo-numerals-nden1248-1.csv"
"681","Africa269-AtlanticCongo-numerals-kund1255-1.csv"
"682","Africa271-AtlanticCongo-numerals-tong1321-1.csv"
"683","Africa284-AtlanticCongo-numerals-kgal1244-1.csv"
"684","Africa285-AtlanticCongo-numerals-swat1243-1.csv"
"685","Africa287-AtlanticCongo-numerals-zulu1248-1.csv"
"686","Africa297-AtlanticCongo-numerals-subi1246-1.csv"
"687","Africa303-AtlanticCongo-numerals-lang1320-1.csv"
"688","Africa305-AtlanticCongo-numerals-bada1258-1.csv"
"689","Africa309-AtlanticCongo-numerals-naki1238-1.csv"
"690","Africa314-AtlanticCongo-numerals-nsar1238-1.csv"
"691","Africa315-AtlanticCongo-numerals-abar1238-1.csv"
"692","Africa319-AtlanticCongo-numerals-bete1262-1.csv"
"693","Africa320-AtlanticCongo-numerals-putu1241-1.csv"
"694","Africa322-AtlanticCongo-numerals-deny1238-1.csv"
"695","Africa327-AtlanticCongo-numerals-tivv1240-1.csv"
"696","Africa330-AtlanticCongo-numerals-aghe1239-1.csv"
"697","Africa334-AtlanticCongo-numerals-okuu1243-1.csv"
"698","Africa339-AtlanticCongo-numerals-lamn1239-1.csv"
"699","Africa348-AtlanticCongo-numerals-mung1266-1.csv"
"700","Africa362-AtlanticCongo-numerals-ngie1241-1.csv"
"701","Africa388-AtlanticCongo-numerals-odua1238-1.csv"
"702","Africa389-AtlanticCongo-numerals-abur1244-1.csv"
"703","Africa391-AtlanticCongo-numerals-ogbi1239-1.csv"
"704","Africa392-AtlanticCongo-numerals-anaa1238-1.csv"
"705","Africa401-AtlanticCongo-numerals-obol1243-1.csv"
"706","Africa404-AtlanticCongo-numerals-kuke1242-1.csv"
"707","Africa406-AtlanticCongo-numerals-cros1244-1.csv"
"708","Africa413-AtlanticCongo-numerals-uluk1257-1.csv"
"709","Africa421-AtlanticCongo-numerals-okpa1238-1.csv"
"710","Africa428-AtlanticCongo-numerals-yekh1238-1.csv"
"711","Africa431-AtlanticCongo-numerals-dege1246-1.csv"
"712","Africa433-AtlanticCongo-numerals-agat1236-1.csv"
"713","Africa444-AtlanticCongo-numerals-tsis1238-1.csv"
"714","Africa445-AtlanticCongo-numerals-tsik1238-1.csv"
"715","Africa447-AtlanticCongo-numerals-fung1245-1.csv"
"716","Africa453-AtlanticCongo-numerals-huns1239-1.csv"
"717","Africa455-AtlanticCongo-numerals-nupe1254-1.csv"
"718","Africa459-AtlanticCongo-numerals-como1258-1.csv"
"719","Africa462-AtlanticCongo-numerals-jiba1237-1.csv"
"720","Africa463-AtlanticCongo-numerals-wapa1235-1.csv"
"721","Africa467-AtlanticCongo-numerals-ukaa1243-1.csv"
"722","Africa477-AtlanticCongo-numerals-lufu1237-1.csv"
"723","Africa479-AtlanticCongo-numerals-bero1242-1.csv"
"724","Africa492-AtlanticCongo-numerals-chee1238-1.csv"
"725","Africa534-AtlanticCongo-numerals-tuwu1238-1.csv"
"726","Africa537-AtlanticCongo-numerals-nyan1302-1.csv"
"727","Africa550-AtlanticCongo-numerals-ajab1235-1.csv"
"728","Africa559-AtlanticCongo-numerals-fali1264-1.csv"
"729","Africa569-AtlanticCongo-numerals-yomm1242-1.csv"
"730","Africa592-AtlanticCongo-numerals-buam1238-1.csv"
"731","Africa602-AtlanticCongo-numerals-temm1241-1.csv"
"732","Africa620-AtlanticCongo-numerals-pana1295-1.csv"
"733","Africa625-AtlanticCongo-numerals-turk1306-1.csv"
"734","Africa634-AtlanticCongo-numerals-nort2787-1.csv"
"735","Africa637-AtlanticCongo-numerals-bond1246-2.csv"
"736","Africa638-AtlanticCongo-numerals-boun1243-1.csv"
"737","Africa642-AtlanticCongo-numerals-gban1260-1.csv"
"738","Africa657-AtlanticCongo-numerals-dzaa1238-1.csv"
"739","Africa679-AtlanticCongo-numerals-nort2774-1.csv"
"740","Africa689-AtlanticCongo-numerals-bali1245-1.csv"
"741","Africa698-AtlanticCongo-numerals-samb1305-1.csv"
"742","Africa704-AtlanticCongo-numerals-ceba1235-1.csv"
"743","Africa709-AtlanticCongo-numerals-nafa1258-1.csv"
"744","Africa711-AtlanticCongo-numerals-sici1249-1.csv"
"745","Africa738-AtlanticCongo-numerals-bala1301-1.csv"
"746","Africa745-AtlanticCongo-numerals-kobi1241-1.csv"
"747","Africa755-AtlanticCongo-numerals-bull1247-1.csv"
"748","Africa764-Kru-numerals-dalo1238-1.csv"
"749","Africa766-Kru-numerals-soub1242-1.csv"
"750","Africa777-Kru-numerals-pyek1235-1.csv"
"751","Africa780-Kru-numerals-dewo1238-1.csv"
"752","Africa781-Kru-numerals-gbii1242-1.csv"
"753","Africa785-Kru-numerals-sapo1251-1.csv"
"754","Africa786-Kru-numerals-west2488-1.csv"
"755","Africa790-isolate-Siamou-numerals-siam1242-1.csv"
"756","Africa791-Dogon-numerals-ampa1238-1.csv"
"757","Africa792-Dogon-numerals-momb1254-1.csv"
"758","Africa796-Dogon-numerals-jams1239-1.csv"
"759","Africa811-Mande-numerals-mark1256-1.csv"
"760","Africa827-Mande-numerals-mend1266-1.csv"
"761","Africa831-Mande-numerals-duun1242-1.csv"
"762","Africa832-Mande-numerals-dzuu1241-1.csv"
"763","Africa835-Mande-numerals-jowu1238-1.csv"
"764","Africa840-Mande-numerals-tiem1235-1.csv"
"765","Africa841-Mande-numerals-tiey1235-1.csv"
"766","Africa846-Mande-numerals-wann1242-1.csv"
"767","Africa851-Mande-numerals-mann1248-1.csv"
"768","Africa858-Mande-numerals-maty1235-1.csv"
"769","Africa864-AfroAsiatic-numerals-gabr1253-1.csv"
"770","Africa879-Nilotic-numerals-buru1301-1.csv"
"771","Africa897-Nilotic-numerals-kara1483-2.csv"
"772","Africa912-CentralSudanic-numerals-ngit1239-1.csv"
"773","Africa926-CentralSudanic-numerals-sara1321-1.csv"
"774","Africa931-CentralSudanic-numerals-yulu1243-1.csv"
"775","Africa932-CentralSudanic-numerals-baka1274-1.csv"
"776","Africa940-Nubian-numerals-kada1282-1.csv"
"777","Africa941-Nubian-numerals-ghul1238-1.csv"
"778","AA001-numerals-jahh1242-1_edited.csv"
"779","AA057-numerals-lyng1241-1.csv"
"780","AA101-numerals-koda1254-1.csv"
"781","AA105-numerals-maha1291-1_edited.csv"
"782","AA106-numerals-sant1410-1.csv"
"783","AA108-numerals-pare1266-1-edited.csv"
"784","AA110-numerals-sora1254-1.csv"
"785","AA123-numerals-hung1275-1_edited.csv"
"786","DV033-sand-Gondi.csv"
"787","IE075-numerals-hajo1238-1.csv"
"788","IE110-sand-Marwari-edit.csv"
"789","IE195-googleuninum-san.csv"
"790","IE198-numerals-yazg1240-1.csv"
"791","IE226-numerals-nort2646-1.csv"
"792","IE229-numerals-wakh1245-1-edited.csv"
"793","ST038-numerals-kaik1246-1-edited.csv"
"794","ST058-numerals-deor1238-1.csv"
"795","ST105-numerals-sadu1234-1.csv"
"796","ST163-numerals-chep1245-1.csv"
"797","ST171-sand-Jerung-edited.csv"
"798","ST177-numerals-caml1239-3.csv"
"799","ST189-numerals-bahi1252-1-edited.csv"
"800","ST190-numerals-sunw1242-1-edited.csv"
"801","ST192-sand-Koyee-edited.csv"
"802","ST196-numerals-khal1275-1.csv"
"803","ST234-numerals-sumi1235-2.csv"
"804","ST297-numerals-koro1316-1.csv"
"805","XX04-numerals-niha1238-1-edited-glottocode.csv"
"806","AA099a-numerals-bhum1234-1.csv"
"807","ST172a-numerals-wamb1257-1-edited.csv"
"808","ST315a-numerals-chan1325-1-edited.csv"
"809","EK_NK-Semitic_numerals-kist1241-1.csv"
"810","EK_NK-Semitic_other West Semitic - numerals-hoby1242-1.csv"
"811","EK_NK-Semitic_other West Semitic - numerals-mehr1241-1.csv"
